rank,team,power_rating,record,wins,losses,ties,off_pts,def_pts,preseason_qb,preseason_qb_value,adj_off_epa,adj_def_epa,adj_epa_margin,adj_off_success,adj_def_success,adj_success_margin,raw_off_epa,raw_def_epa,raw_epa_margin,raw_off_success,raw_def_success,raw_success_margin,games_played
1,LA,5.713,Preseason,0,0,0,4.42,1.29,M. Stafford,5.0,0.172,-0.085,0.258,0.512,0.406,0.106,,,,,,,0
2,BUF,5.129,Preseason,0,0,0,5.32,-0.19,J. Allen,6.5,0.196,-0.032,0.228,0.502,0.428,0.074,,,,,,,0
3,SEA,5.03,Preseason,0,0,0,1.24,3.79,S. Darnold,4.5,0.08,-0.177,0.258,0.456,0.378,0.078,,,,,,,0
4,BAL,4.148,Preseason,0,0,0,4.57,-0.42,L. Jackson,6.5,0.128,-0.02,0.149,0.472,0.419,0.053,,,,,,,0
5,HOU,3.62,Preseason,0,0,0,-1.02,4.64,C. Stroud,4.5,0.013,-0.205,0.218,0.412,0.357,0.055,,,,,,,0
6,DET,3.459,Preseason,0,0,0,2.67,0.79,J. Goff,4.0,0.136,-0.063,0.2,0.461,0.4,0.061,,,,,,,0
7,PHI,3.357,Preseason,0,0,0,0.39,2.97,J. Hurts,4.5,0.06,-0.151,0.212,0.427,0.398,0.029,,,,,,,0
8,KC,3.281,Preseason,0,0,0,2.59,0.69,P. Mahomes,6.5,0.077,-0.063,0.141,0.468,0.414,0.054,,,,,,,0
9,GB,2.902,Preseason,0,0,0,3.05,-0.15,J. Love,4.0,0.144,-0.036,0.182,0.475,0.432,0.044,,,,,,,0
10,NE,2.9,Preseason,0,0,0,2.33,0.57,D. Maye,6.0,0.08,-0.064,0.145,0.466,0.432,0.034,,,,,,,0
11,DEN,2.779,Preseason,0,0,0,0.02,2.76,B. Nix,4.0,0.049,-0.13,0.179,0.431,0.359,0.072,,,,,,,0
12,JAX,1.624,Preseason,0,0,0,0.72,0.9,T. Lawrence,3.0,0.07,-0.07,0.139,0.452,0.414,0.038,,,,,,,0
13,MIN,1.333,Preseason,0,0,0,-1.95,3.28,K. Murray,3.0,-0.071,-0.165,0.094,0.434,0.4,0.033,,,,,,,0
14,SF,1.008,Preseason,0,0,0,2.49,-1.48,B. Purdy,3.5,0.128,0.009,0.119,0.492,0.461,0.03,,,,,,,0
15,LAC,0.889,Preseason,0,0,0,-0.79,1.68,J. Herbert,5.0,0.01,-0.102,0.111,0.434,0.408,0.026,,,,,,,0
16,TB,0.551,Preseason,0,0,0,0.97,-0.42,B. Mayfield,3.5,0.082,-0.019,0.102,0.452,0.417,0.034,,,,,,,0
17,CHI,0.052,Preseason,0,0,0,0.45,-0.4,C. Williams,3.0,0.07,-0.028,0.098,0.439,0.44,-0.001,,,,,,,0
18,CIN,-0.788,Preseason,0,0,0,2.43,-3.22,J. Burrow,6.0,0.048,0.078,-0.03,0.468,0.468,0.0,,,,,,,0
19,IND,-0.854,Preseason,0,0,0,-0.52,-0.33,G. Minshew,0.0,0.11,-0.03,0.14,0.468,0.439,0.029,,,,,,,0
20,NO,-1.198,Preseason,0,0,0,-2.42,1.22,T. Shough,1.5,-0.056,-0.083,0.027,0.418,0.41,0.008,,,,,,,0
21,ATL,-1.245,Preseason,0,0,0,-1.09,-0.16,M. Penix Jr.,2.0,0.02,-0.032,0.052,0.453,0.426,0.026,,,,,,,0
22,WAS,-1.248,Preseason,0,0,0,1.82,-3.07,J. Daniels,5.0,0.082,0.075,0.006,0.47,0.457,0.013,,,,,,,0
23,PIT,-1.372,Preseason,0,0,0,-0.86,-0.51,A. Rodgers,2.5,0.03,-0.019,0.049,0.434,0.427,0.007,,,,,,,0
24,DAL,-1.833,Preseason,0,0,0,2.34,-4.17,D. Prescott,4.5,0.074,0.116,-0.042,0.462,0.468,-0.007,,,,,,,0
25,ARI,-3.06,Preseason,0,0,0,-1.74,-1.32,J. Brissett,0.5,0.057,0.006,0.052,0.444,0.451,-0.008,,,,,,,0
26,NYG,-3.147,Preseason,0,0,0,-1.38,-1.76,J. Dart,3.0,0.012,0.029,-0.016,0.412,0.438,-0.025,,,,,,,0
27,CAR,-3.916,Preseason,0,0,0,-2.02,-1.9,B. Young,3.5,-0.02,0.038,-0.058,0.428,0.431,-0.003,,,,,,,0
28,LV,-4.49,Preseason,0,0,0,-4.13,-0.36,K. Cousins,1.0,-0.151,-0.027,-0.123,0.399,0.432,-0.033,,,,,,,0
29,TEN,-5.904,Preseason,0,0,0,-3.95,-1.95,C. Ward,2.0,-0.067,0.039,-0.106,0.399,0.43,-0.031,,,,,,,0
30,CLE,-5.93,Preseason,0,0,0,-7.94,2.01,D. Watson,1.0,-0.185,-0.105,-0.08,0.346,0.379,-0.033,,,,,,,0
31,NYJ,-6.288,Preseason,0,0,0,-3.49,-2.8,G. Smith,2.0,-0.08,0.075,-0.156,0.407,0.423,-0.017,,,,,,,0
32,MIA,-6.502,Preseason,0,0,0,-4.51,-1.99,M. Willis,1.0,-0.003,0.032,-0.035,0.434,0.455,-0.022,,,,,,,0
