rank,team,power_rating,record,wins,losses,ties,adj_off_epa,adj_def_epa,adj_epa_margin,adj_off_success,adj_def_success,adj_success_margin,raw_off_epa,raw_def_epa,raw_epa_margin,raw_off_success,raw_def_success,raw_success_margin,games_played
1,BAL,9.133,13-6,13,6,0,0.28,-0.078,0.358,0.517,0.409,0.108,0.222,-0.037,0.259,0.502,0.414,0.088,19
2,DET,7.996,15-3,15,3,0,0.219,-0.097,0.317,0.519,0.401,0.117,0.165,-0.037,0.202,0.509,0.423,0.086,18
3,PHI,7.114,18-3,18,3,0,0.133,-0.174,0.307,0.438,0.378,0.059,0.12,-0.106,0.226,0.438,0.402,0.036,21
4,BUF,6.33,15-5,15,5,0,0.23,-0.05,0.28,0.488,0.429,0.059,0.19,0.008,0.182,0.474,0.448,0.026,20
5,GB,5.827,11-7,11,7,0,0.143,-0.121,0.265,0.477,0.422,0.056,0.071,-0.059,0.13,0.457,0.438,0.019,18
6,MIN,3.541,14-4,14,4,0,0.045,-0.14,0.185,0.456,0.392,0.064,-0.008,-0.083,0.075,0.444,0.414,0.03,18
7,TB,3.504,10-8,10,8,0,0.146,-0.035,0.181,0.495,0.421,0.074,0.13,0.022,0.108,0.497,0.438,0.059,18
8,DEN,3.25,10-8,10,8,0,0.041,-0.137,0.178,0.433,0.378,0.055,0.015,-0.093,0.109,0.427,0.395,0.032,18
9,WAS,3.216,14-6,14,6,0,0.174,-0.005,0.179,0.492,0.441,0.051,0.131,0.045,0.086,0.482,0.45,0.032,20
10,KC,1.833,17-3,17,3,0,0.105,-0.025,0.131,0.483,0.428,0.056,0.063,0.026,0.036,0.476,0.435,0.041,20
11,SF,1.669,6-11,6,11,0,0.107,-0.023,0.13,0.466,0.425,0.041,0.071,0.043,0.028,0.459,0.452,0.008,17
12,ARI,1.448,8-9,8,9,0,0.11,-0.015,0.125,0.484,0.449,0.035,0.066,0.055,0.012,0.475,0.469,0.005,17
13,LA,1.261,11-8,11,8,0,0.086,-0.027,0.113,0.48,0.429,0.052,0.013,0.021,-0.008,0.461,0.445,0.016,19
14,CIN,0.715,9-8,9,8,0,0.128,0.026,0.102,0.494,0.464,0.03,0.091,0.036,0.055,0.482,0.462,0.02,17
15,LAC,0.688,11-7,11,7,0,0.023,-0.089,0.112,0.414,0.418,-0.005,0.01,-0.062,0.072,0.412,0.426,-0.015,18
16,HOU,0.416,11-8,11,8,0,-0.018,-0.118,0.1,0.391,0.386,0.005,-0.044,-0.082,0.038,0.384,0.397,-0.012,19
17,SEA,0.385,10-7,10,7,0,0.017,-0.073,0.09,0.443,0.412,0.031,-0.027,-0.011,-0.016,0.433,0.437,-0.003,17
18,PIT,-0.281,10-8,10,8,0,0.016,-0.065,0.081,0.421,0.428,-0.007,-0.026,0.004,-0.031,0.408,0.445,-0.037,18
19,NYJ,-0.914,5-12,5,12,0,0.033,-0.014,0.047,0.436,0.405,0.03,-0.015,0.024,-0.039,0.424,0.416,0.008,17
20,MIA,-1.462,8-9,8,9,0,-0.01,-0.041,0.031,0.451,0.427,0.024,-0.038,-0.023,-0.015,0.442,0.43,0.011,17
21,ATL,-1.539,8-9,8,9,0,0.06,0.029,0.031,0.473,0.457,0.016,0.034,0.058,-0.024,0.47,0.463,0.006,17
22,CHI,-2.131,5-12,5,12,0,-0.031,-0.054,0.022,0.405,0.422,-0.018,-0.079,0.01,-0.089,0.394,0.443,-0.05,17
23,IND,-2.842,8-9,8,9,0,-0.013,-0.011,-0.001,0.417,0.436,-0.018,-0.054,0.003,-0.058,0.404,0.437,-0.033,17
24,NO,-3.788,5-12,5,12,0,-0.026,0.005,-0.031,0.412,0.436,-0.024,-0.055,0.044,-0.099,0.408,0.448,-0.04,17
25,TEN,-4.395,3-14,3,14,0,-0.078,-0.025,-0.053,0.414,0.434,-0.02,-0.119,0.03,-0.149,0.405,0.445,-0.039,17
26,LV,-4.846,4-13,4,13,0,-0.108,-0.034,-0.073,0.415,0.418,-0.004,-0.143,0.023,-0.166,0.404,0.435,-0.031,17
27,NYG,-5.305,3-14,3,14,0,-0.061,0.019,-0.08,0.402,0.433,-0.031,-0.103,0.063,-0.166,0.395,0.442,-0.048,17
28,NE,-5.309,4-13,4,13,0,-0.062,0.022,-0.084,0.423,0.442,-0.019,-0.086,0.07,-0.155,0.418,0.452,-0.034,17
29,DAL,-5.554,7-10,7,10,0,-0.07,0.021,-0.09,0.419,0.443,-0.024,-0.109,0.084,-0.193,0.408,0.455,-0.047,17
30,JAX,-5.717,4-13,4,13,0,0.033,0.128,-0.095,0.436,0.463,-0.026,-0.022,0.133,-0.155,0.421,0.461,-0.041,17
31,CLE,-6.016,3-14,3,14,0,-0.15,-0.042,-0.108,0.377,0.394,-0.017,-0.187,0.018,-0.205,0.367,0.409,-0.041,17
32,CAR,-8.228,5-12,5,12,0,-0.045,0.116,-0.161,0.408,0.49,-0.082,-0.052,0.159,-0.212,0.409,0.506,-0.097,17
